source_file,Run_nr,Alpha,Beta,CL,CD,Cyaw,Cm_p_qc,Ct,Cn,Cside,Cm_roll,Cm_pitch,Cm_yaw,V,Re,M,V_nominal,n_hz,mode,delta_e_deg,J
corr_elevator-10rudder0.txt,1,12.0,0.0,1.0925,0.085349,-0.00282,0.02989,-0.143668,1.0864,-0.002824,-0.00625,-0.24202,-0.00151,40.18,349300.0,0.118,40.0,,FREE,-10,
corr_elevator-10rudder0.txt,2,8.004,0.0,0.8993,0.036278,0.00099,0.1645,-0.08929,0.8955,0.000992,-0.00528,-0.0611,-0.0018,40.26,349800.0,0.118,40.0,,FREE,-10,
corr_elevator-10rudder0.txt,3,4.0,0.0,0.5382,0.013775,0.00388,0.24647,-0.0238,0.5378,0.003884,-0.00392,0.10945,-0.00119,40.4,350900.0,0.118,40.0,,FREE,-10,
corr_elevator-10rudder0.txt,4,0.0,0.0,0.1253,0.006009,0.00856,0.27878,0.006009,0.1253,0.00856,-0.00221,0.24454,-0.00082,40.34,350300.0,0.118,40.0,,FREE,-10,
corr_elevator-10rudder0.txt,5,-2.0,0.0,-0.0918,0.007625,0.00873,0.3009,0.004415,-0.0921,0.008727,-0.00171,0.32078,-0.00052,40.31,349800.0,0.118,40.0,,FREE,-10,
corr_elevator-10rudder0.txt,6,-2.0,0.0,-0.0751,0.071202,0.00072,0.29765,0.068538,-0.0775,0.000716,-0.00107,0.31394,0.00218,40.21,348700.0,0.118,40.0,39.4,BRK,-10,4.996202885806787
corr_elevator-10rudder0.txt,7,-0.004,0.0,0.1322,0.069743,0.00166,0.28447,0.069753,0.1322,0.001661,-0.00131,0.24846,0.00161,40.2,348600.0,0.118,40.0,39.4,BRK,-10,4.996202885806787
corr_elevator-10rudder0.txt,8,4.0,0.0,0.5346,0.076979,0.00424,0.26879,0.039497,0.5387,0.004244,-0.00175,0.13132,0.0004,40.12,347800.0,0.118,40.0,39.4,BRK,-10,4.996202885806787
corr_elevator-10rudder0.txt,9,8.0,0.0,0.875,0.100903,-0.00317,0.20809,-0.021857,0.8805,-0.003171,-0.00309,-0.01421,-0.00039,40.19,348400.0,0.118,40.0,39.4,BRK,-10,4.996202885806787
corr_elevator-10rudder0.txt,10,12.0,0.0,1.0531,0.153187,-0.00209,0.0887,-0.069106,1.0619,-0.002086,-0.00311,-0.1777,-0.00124,40.21,348500.0,0.118,40.0,39.4,BRK,-10,4.996202885806787
corr_elevator-10rudder0.txt,11,-1.996,0.0,-0.0774,0.068656,0.00114,0.2989,0.06592,-0.0797,0.001142,-0.00099,0.31572,0.00206,40.19,348300.0,0.118,40.0,55.1,BRK,-10,3.572602426511568
corr_elevator-10rudder0.txt,12,-0.004,0.0,0.1312,0.066991,0.00132,0.28415,0.067001,0.1312,0.001324,-0.00134,0.24838,0.00165,40.2,348300.0,0.118,40.0,55.1,BRK,-10,3.572602426511568
corr_elevator-10rudder0.txt,13,4.0,0.0,0.5359,0.074201,0.00406,0.26501,0.036637,0.5398,0.004061,-0.00187,0.1273,0.00048,40.2,348100.0,0.118,40.0,55.1,BRK,-10,3.572602426511568
corr_elevator-10rudder0.txt,14,8.0,0.0,0.8791,0.098389,-0.00382,0.20356,-0.024917,0.8842,-0.00382,-0.00324,-0.01962,-0.00023,40.16,347800.0,0.118,40.0,55.1,BRK,-10,3.572602426511568
corr_elevator-10rudder0.txt,15,12.0,0.0,1.059,0.147999,-0.00155,0.08311,-0.075408,1.0666,-0.001552,-0.00313,-0.18441,-0.00114,40.23,348400.0,0.118,40.0,55.1,BRK,-10,3.572602426511568
corr_elevator-10rudder0.txt,16,12.0,0.0,1.0738,0.126917,0.00099,0.06549,-0.099118,1.0767,0.000994,-0.00372,-0.20437,-0.00194,40.22,348400.0,0.118,40.0,78.7,ZERO,-10,2.5012756505817966
corr_elevator-10rudder0.txt,17,8.004,0.0,0.8893,0.08202,0.00092,0.18922,-0.042608,0.8921,0.000919,-0.0034,-0.03577,-0.00145,40.23,348400.0,0.118,40.0,78.7,ZERO,-10,2.5012756505817966
corr_elevator-10rudder0.txt,18,8.004,0.0,0.9089,-0.011422,-0.00276,0.14041,-0.137869,0.8985,-0.002762,-0.00721,-0.08567,-0.00132,40.18,347900.0,0.118,40.0,123.0,MANDATORY,-10,1.6004097048844503
corr_elevator-10rudder0.txt,19,4.0,0.0,0.5373,0.061115,-0.00073,0.25826,0.023485,0.5403,-0.000729,-0.00282,0.1205,0.0,40.22,348200.0,0.118,40.0,78.7,ZERO,-10,2.5012756505817966
corr_elevator-10rudder0.txt,20,0.0,0.0,0.1295,0.052693,0.00242,0.28293,0.052693,0.1295,0.002415,-0.00166,0.24761,0.00127,40.34,349100.0,0.118,40.0,78.7,ZERO,-10,2.5012756505817966
corr_elevator-10rudder0.txt,21,-2.0,0.0,-0.0846,0.05329,0.00158,0.30058,0.050307,-0.0864,0.001578,-0.0014,0.31904,0.00189,40.21,347900.0,0.118,40.0,78.7,ZERO,-10,2.5012756505817966
corr_elevator-10rudder0.txt,22,11.995,0.0,1.118,0.104495,0.00316,0.05732,-0.130139,1.1153,0.00316,-0.00443,-0.22209,-0.00125,20.11,174400.0,0.059,20.0,,FREE,-10,
corr_elevator-10rudder0.txt,23,8.004,0.0,0.8822,0.053112,0.00296,0.18637,-0.070239,0.881,0.002957,-0.00539,-0.03578,-0.0015,20.13,174700.0,0.059,20.0,,FREE,-10,
corr_elevator-10rudder0.txt,24,4.0,0.0,0.5331,0.031512,0.00311,0.25791,-0.005755,0.534,0.003109,-0.00436,0.12176,-0.00077,20.15,174900.0,0.059,20.0,,FREE,-10,
corr_elevator-10rudder0.txt,25,0.0,0.0,0.1162,0.021631,0.00964,0.28527,0.021631,0.1162,0.009638,-0.00246,0.25328,-0.00095,20.11,174600.0,0.059,20.0,,FREE,-10,
corr_elevator-10rudder0.txt,26,-2.0,0.0,-0.0947,0.022631,0.00981,0.30528,0.019315,-0.0954,0.009813,-0.00205,0.32599,-0.00053,20.13,174700.0,0.059,20.0,,FREE,-10,
corr_elevator-10rudder0.txt,27,-2.0,0.0,-0.0777,0.076031,-0.00152,0.30191,0.073271,-0.0804,-0.001521,-0.00185,0.31891,0.00167,20.1,174500.0,0.059,20.0,27.6,BRK,-10,3.5661303206664385
corr_elevator-10rudder0.txt,28,-0.004,0.0,0.1239,0.074077,0.00448,0.28945,0.074086,0.1239,0.004481,-0.00197,0.25551,0.001,20.1,174500.0,0.059,20.0,27.6,BRK,-10,3.5661303206664385
corr_elevator-10rudder0.txt,29,4.0,0.0,0.5317,0.083115,-0.00013,0.27659,0.045825,0.5362,-0.000134,-0.00282,0.13971,0.00041,20.09,174500.0,0.059,20.0,27.6,BRK,-10,3.5661303206664385
corr_elevator-10rudder0.txt,30,8.0,0.0,0.8661,0.106459,0.00219,0.21625,-0.015115,0.8725,0.002191,-0.00339,-0.00409,-0.00089,20.07,174400.0,0.059,20.0,27.6,BRK,-10,3.5661303206664385
corr_elevator-10rudder0.txt,31,12.0,0.0,1.0862,0.161423,0.00429,0.09839,-0.067943,1.096,0.004291,-0.00153,-0.17663,-0.00131,20.12,174800.0,0.059,20.0,27.6,BRK,-10,3.5661303206664385
corr_elevator-10rudder0.txt,32,8.001,0.0,0.8889,0.081973,0.00117,0.18854,-0.042555,0.8916,0.001167,-0.00336,-0.03634,-0.0015,40.18,348500.0,0.118,40.0,78.7,REPLICATE,-10,2.5012756505817966
corr_elevatorp10rudder0.txt,33,-2.0,0.0,0.0862,0.066609,0.00336,-0.16816,0.069578,0.0838,0.00336,-0.00051,-0.18737,0.00146,40.17,348700.0,0.118,40.0,39.4,BRK,10,4.996202885806787
corr_elevatorp10rudder0.txt,34,-0.004,0.0,0.2915,0.069279,0.00425,-0.17533,0.069299,0.2915,0.004248,-0.00098,-0.24638,0.00087,40.18,348500.0,0.118,40.0,39.4,BRK,10,4.996202885806787
corr_elevatorp10rudder0.txt,35,4.0,0.0,0.6879,0.084606,0.00654,-0.18255,0.036416,0.6921,0.006545,-0.0019,-0.35367,-0.0001,40.19,348400.0,0.118,40.0,39.4,BRK,10,4.996202885806787
corr_elevatorp10rudder0.txt,36,8.0,0.0,1.0171,0.115714,-0.00088,-0.22443,-0.026972,1.0233,-0.000876,-0.00344,-0.47793,-0.00105,40.2,348400.0,0.118,40.0,39.4,BRK,10,4.996202885806787
corr_elevatorp10rudder0.txt,37,12.0,0.0,1.2012,0.175365,0.00084,-0.36738,-0.078202,1.2114,0.000838,-0.00315,-0.66639,-0.00196,40.21,348500.0,0.118,40.0,39.4,BRK,10,4.996202885806787
corr_elevatorp10rudder0.txt,38,-1.996,0.0,0.0835,0.063954,0.00333,-0.16441,0.066825,0.0813,0.003329,-0.0006,-0.18302,0.00143,40.21,348300.0,0.118,40.0,55.1,BRK,10,3.572602426511568
corr_elevatorp10rudder0.txt,39,-0.004,0.0,0.2889,0.066402,0.00391,-0.17185,0.066422,0.2889,0.003908,-0.00119,-0.24229,0.00093,40.19,347900.0,0.118,40.0,55.1,BRK,10,3.572602426511568
corr_elevatorp10rudder0.txt,40,4.0,0.0,0.6881,0.081882,0.00593,-0.18203,0.033686,0.6921,0.005934,-0.00205,-0.35316,5e-05,40.26,348500.0,0.118,40.0,55.1,BRK,10,3.572602426511568
corr_elevatorp10rudder0.txt,41,8.0,0.0,1.0205,0.113053,-0.00189,-0.22633,-0.03007,1.0263,-0.00189,-0.00361,-0.48054,-0.00078,40.23,348200.0,0.118,40.0,55.1,BRK,10,3.572602426511568
corr_elevatorp10rudder0.txt,42,12.0,0.0,1.2101,0.17064,0.00055,-0.38095,-0.084686,1.2192,0.000554,-0.00316,-0.68177,-0.00171,40.17,347800.0,0.118,40.0,55.1,BRK,10,3.572602426511568
corr_elevatorp10rudder0.txt,43,-1.996,0.0,0.0796,0.048929,0.00306,-0.17028,0.051672,0.0778,0.003061,-0.0014,-0.18796,0.00145,40.24,348300.0,0.118,40.0,78.7,ZERO,10,2.5012756505817966
corr_elevatorp10rudder0.txt,44,-0.004,0.0,0.288,0.051717,0.00368,-0.18049,0.051737,0.288,0.003676,-0.0018,-0.2506,0.00094,40.23,348000.0,0.118,40.0,78.7,ZERO,10,2.5012756505817966
corr_elevatorp10rudder0.txt,45,4.0,0.0,0.692,0.067328,0.00661,-0.19363,0.018894,0.695,0.006608,-0.00254,-0.36536,-0.00017,40.21,347800.0,0.118,40.0,78.7,ZERO,10,2.5012756505817966
corr_elevatorp10rudder0.txt,46,8.0,0.0,1.0313,0.095968,0.00193,-0.24423,-0.04849,1.0346,0.001934,-0.00357,-0.50034,-0.00177,40.15,347300.0,0.118,40.0,78.7,ZERO,10,2.5012756505817966
corr_elevatorp10rudder0.txt,47,12.0,0.0,1.2311,0.150269,0.00172,-0.42081,-0.10897,1.2354,0.001722,-0.00391,-0.72528,-0.00215,40.22,348000.0,0.118,40.0,78.7,ZERO,10,2.5012756505817966
corr_elevatorp10rudder0.txt,48,-1.996,0.0,0.0853,0.002154,0.00794,-0.21183,0.005123,0.0852,0.007937,-0.00252,-0.23091,-0.00028,40.25,348100.0,0.118,40.0,,FREE,10,
corr_elevatorp10rudder0.txt,49,-0.004,0.0,0.2969,0.004633,0.00699,-0.22678,0.004654,0.2969,0.006989,-0.00324,-0.29866,-0.0002,40.22,347700.0,0.118,40.0,,FREE,10,
corr_elevatorp10rudder0.txt,50,4.0,0.0,0.7067,0.020806,0.00529,-0.24651,-0.028538,0.7064,0.005292,-0.00447,-0.42054,-6e-05,40.22,347600.0,0.118,40.0,,FREE,10,
corr_elevatorp10rudder0.txt,51,8.0,0.0,1.0506,0.051435,-0.00045,-0.2991,-0.095287,1.0476,-0.000446,-0.00541,-0.55789,-0.0014,40.19,347500.0,0.118,40.0,,FREE,10,
corr_elevatorp10rudder0.txt,52,12.0,0.0,1.2645,0.112074,-0.00518,-0.48909,-0.15327,1.2601,-0.005185,-0.00676,-0.79903,-0.00077,40.22,347800.0,0.118,40.0,,FREE,10,
corr_elevatorp10rudder0.txt,53,-1.996,0.0,0.0903,0.016555,0.01096,-0.22859,0.019691,0.0897,0.010963,-0.00318,-0.24867,-0.00042,20.12,174300.0,0.059,20.0,,FREE,10,
corr_elevatorp10rudder0.txt,54,-0.004,0.0,0.2948,0.019505,0.00862,-0.23443,0.019525,0.2948,0.008616,-0.00383,-0.30571,-0.0004,20.1,174200.0,0.059,20.0,,FREE,10,
corr_elevatorp10rudder0.txt,55,4.0,0.0,0.7021,0.037984,0.00265,-0.23628,-0.011087,0.7031,0.002653,-0.00522,-0.40963,-0.0004,20.15,174700.0,0.059,20.0,,FREE,10,
corr_elevatorp10rudder0.txt,56,8.0,0.0,1.0454,0.06817,0.00063,-0.31143,-0.077986,1.0447,0.000629,-0.00623,-0.56942,-0.00036,20.08,174200.0,0.059,20.0,,FREE,10,
corr_elevatorp10rudder0.txt,57,12.0,0.0,1.2853,0.130197,0.00256,-0.4601,-0.139884,1.2843,0.002559,-0.005,-0.77646,-0.00095,20.09,174300.0,0.059,20.0,,FREE,10,
corr_elevatorp10rudder0.txt,58,-1.979,0.0,0.0904,0.070412,0.00728,-0.19,0.073494,0.088,0.007282,-0.00133,-0.21004,0.00099,20.11,174500.0,0.059,20.0,27.6,BRK,10,3.5661303206664385
corr_elevatorp10rudder0.txt,59,-0.004,0.0,0.2895,0.073151,0.00707,-0.18695,0.073171,0.2895,0.00707,-0.00161,-0.25741,0.0003,20.1,174400.0,0.059,20.0,27.6,BRK,10,3.5661303206664385
corr_elevatorp10rudder0.txt,60,4.0,0.0,0.6876,0.090638,0.00422,-0.18302,0.042456,0.6922,0.004216,-0.00295,-0.3542,-0.00072,20.14,174800.0,0.059,20.0,27.6,BRK,10,3.5661303206664385
corr_elevatorp10rudder0.txt,61,8.0,0.0,1.0151,0.121258,0.00167,-0.24278,-0.021196,1.0221,0.001665,-0.00444,-0.49581,-0.00043,20.17,175000.0,0.059,20.0,27.6,BRK,10,3.5661303206664385
corr_elevatorp10rudder0.txt,62,12.0,0.0,1.2371,0.183262,0.00721,-0.35751,-0.077961,1.2482,0.007208,-0.00176,-0.6659,-0.002,20.12,174700.0,0.059,20.0,27.6,BRK,10,3.5661303206664385
corr_elevatorp10rudder0.txt,63,8.004,0.0,1.0322,0.096786,0.00243,-0.2454,-0.047881,1.0356,0.002427,-0.00366,-0.50175,-0.00191,40.22,348800.0,0.118,40.0,78.7,REPLICATE,10,2.5012756505817966
corr_elevator0rudder0.txt,64,7.996,0.0,0.9871,-0.005884,-0.00522,-0.10801,-0.143137,0.9767,-0.005216,-0.00758,-0.35106,-0.00058,40.22,348500.0,0.118,40.0,123.0,MANDATORY,0,1.6004097048844503
corr_elevator0rudder0.txt,65,-1.996,0.0,0.0069,0.066773,0.00191,0.05798,0.066972,0.0046,0.001905,-0.00059,0.05623,0.00198,40.23,348500.0,0.118,40.0,39.4,CAL,0,4.996202885806787
corr_elevator0rudder0.txt,66,-0.004,0.0,0.2127,0.067345,0.00275,0.05088,0.06736,0.2127,0.002745,-0.00082,-0.00282,0.00137,40.2,348100.0,0.118,40.0,39.4,CAL,0,4.996202885806787
corr_elevator0rudder0.txt,67,4.0,0.0,0.6075,0.078398,0.00655,0.05228,0.035831,0.6115,0.006547,-0.00128,-0.10114,-0.00025,40.16,347600.0,0.118,40.0,39.4,CAL,0,4.996202885806787
corr_elevator0rudder0.txt,68,8.0,0.0,0.9459,0.10578,-0.00232,-0.00341,-0.026894,0.9514,-0.002321,-0.00304,-0.24123,-0.0005,40.14,347400.0,0.118,40.0,39.4,CAL,0,4.996202885806787
corr_elevator0rudder0.txt,69,12.0,0.0,1.1252,0.161352,-0.00058,-0.1298,-0.076119,1.1342,-0.000583,-0.00286,-0.41199,-0.00154,40.23,348300.0,0.118,40.0,39.4,CAL,0,4.996202885806787
corr_elevator0rudder0.txt,70,-1.996,0.0,0.0,0.048949,0.00226,0.05817,0.04892,-0.0017,0.002256,-0.0012,0.05799,0.00174,40.27,348300.0,0.118,40.0,78.7,CAL,0,2.5012756505817966
corr_elevator0rudder0.txt,71,-0.004,0.0,0.2089,0.0497,0.00297,0.04755,0.049715,0.2089,0.002974,-0.0016,-0.00518,0.00118,40.23,347800.0,0.118,40.0,78.7,CAL,0,2.5012756505817966
corr_elevator0rudder0.txt,72,4.0,0.0,0.6115,0.060918,0.00744,0.04215,0.018113,0.6143,0.007435,-0.00198,-0.11185,-0.00053,40.21,347700.0,0.118,40.0,78.7,CAL,0,2.5012756505817966
corr_elevator0rudder0.txt,73,8.0,0.0,0.9577,0.086216,0.00076,-0.01929,-0.047915,0.9604,0.000756,-0.00334,-0.2592,-0.0013,40.18,347400.0,0.118,40.0,78.7,CAL,0,2.5012756505817966
corr_elevator0rudder0.txt,74,12.0,0.0,1.1492,0.135927,0.00148,-0.16438,-0.105967,1.1523,0.001476,-0.00354,-0.45075,-0.00202,40.16,347400.0,0.118,40.0,78.7,CAL,0,2.5012756505817966
corr_elevator0rudder0.txt,75,11.996,0.0,1.1593,0.169725,0.00549,-0.11314,-0.074941,1.1693,0.005486,-0.00128,-0.4043,-0.0014,20.11,174300.0,0.059,20.0,27.6,CAL,0,3.5661303206664385
corr_elevator0rudder0.txt,76,8.004,0.0,0.939,0.111676,0.00089,0.00956,-0.020153,0.9454,0.000886,-0.00325,-0.22687,-0.00034,20.11,174300.0,0.059,20.0,27.6,CAL,0,3.5661303206664385
corr_elevator0rudder0.txt,77,4.0,0.0,0.6031,0.085773,0.00114,0.06402,0.043494,0.6076,0.001141,-0.0018,-0.08854,0.00016,20.13,174500.0,0.059,20.0,27.6,CAL,0,3.5661303206664385
corr_elevator0rudder0.txt,78,0.0,0.0,0.2056,0.072011,0.00464,0.05422,0.07201,0.2056,0.004638,-0.00089,0.00228,0.00102,20.14,174700.0,0.059,20.0,27.6,CAL,0,3.5661303206664385
corr_elevator0rudder0.txt,79,-2.0,0.0,0.0036,0.070046,0.00495,0.06202,0.070129,0.0011,0.004946,-0.00089,0.0611,0.00172,20.16,174800.0,0.059,20.0,27.6,CAL,0,3.5661303206664385
corr_elevator0rudder0.txt,80,-2.0,0.0,-0.0001,0.016545,0.01048,0.04108,0.016533,-0.0006,0.010481,-0.00227,0.04082,-0.00025,20.15,174800.0,0.059,20.0,27.6,BRK,0,3.5661303206664385
corr_elevator0rudder0.txt,81,-0.005,0.0,0.2083,0.017162,0.00932,0.02893,0.017178,0.2083,0.009319,-0.00299,-0.02344,-0.0005,20.14,174700.0,0.059,20.0,27.6,BRK,0,3.5661303206664385
corr_elevator0rudder0.txt,82,4.0,0.0,0.6168,0.029608,0.00236,0.02449,-0.013491,0.6174,0.002362,-0.00475,-0.1301,-0.00031,20.06,174000.0,0.059,20.0,27.6,BRK,0,3.5661303206664385
corr_elevator0rudder0.txt,83,8.0,0.0,0.9603,0.056244,0.00119,-0.03966,-0.077952,0.9588,0.001194,-0.00571,-0.27895,-0.00059,20.1,174400.0,0.059,20.0,27.6,BRK,0,3.5661303206664385
corr_elevator0rudder0.txt,84,12.0,0.0,1.1987,0.113267,0.00281,-0.1874,-0.138428,1.196,0.002814,-0.0042,-0.48448,-0.0009,20.05,174000.0,0.059,20.0,27.6,BRK,0,3.5661303206664385
corr_elevator0rudder0.txt,85,-1.996,0.0,0.0087,0.071353,0.00552,0.06131,0.071614,0.0062,0.005523,-0.00116,0.05913,0.00187,20.06,174200.0,0.059,20.0,22.0,BRK,0,4.473872584108805
corr_elevator0rudder0.txt,86,-0.004,0.0,0.2078,0.072472,0.00429,0.05778,0.072486,0.2078,0.004295,-0.00153,0.00525,0.00104,20.1,174600.0,0.059,20.0,22.0,BRK,0,4.473872584108805
corr_elevator0rudder0.txt,87,4.0,0.0,0.6061,0.085335,0.00258,0.06508,0.042851,0.6105,0.002578,-0.00225,-0.08822,-0.00029,20.1,174600.0,0.059,20.0,22.0,BRK,0,4.473872584108805
corr_elevator0rudder0.txt,88,8.0,0.0,0.9383,0.112004,0.00244,0.00886,-0.019669,0.9447,0.002436,-0.0034,-0.22741,-0.00081,20.11,174700.0,0.059,20.0,22.0,BRK,0,4.473872584108805
corr_elevator0rudder0.txt,89,12.0,0.0,1.1565,0.171837,0.00599,-0.10781,-0.07237,1.167,0.005989,-0.00146,-0.39844,-0.00175,20.09,174600.0,0.059,20.0,22.0,BRK,0,4.473872584108805
corr_elevator0rudder0.txt,90,-1.996,0.0,0.0059,0.068321,0.00057,0.06285,0.068486,0.0035,0.000568,-0.00072,0.06131,0.0023,40.22,348800.0,0.118,40.0,,FREE,0,
corr_elevator0rudder0.txt,91,-0.005,0.0,0.2117,0.068918,0.00187,0.05509,0.068934,0.2117,0.001866,-0.00087,0.0016,0.00159,40.2,348300.0,0.118,40.0,,FREE,0,
corr_elevator0rudder0.txt,92,4.0,0.0,0.6065,0.080001,0.00679,0.05486,0.037495,0.6107,0.006792,-0.00115,-0.09838,-0.00031,40.25,348600.0,0.118,40.0,,FREE,0,
corr_elevator0rudder0.txt,93,8.0,0.0,0.9444,0.107329,-0.00113,-0.0029,-0.025146,0.9501,-0.001132,-0.00279,-0.24039,-0.00077,40.23,348400.0,0.118,40.0,,FREE,0,
corr_elevator0rudder0.txt,94,12.0,0.0,1.1191,0.163384,0.00054,-0.12299,-0.072852,1.1286,0.000539,-0.00264,-0.40386,-0.00193,40.18,348000.0,0.118,40.0,,FREE,0,
